{
  "GET /api/product/1" : {
    "transaction" : "GET /api/product/1",
    "sampleCount" : 1779,
    "errorCount" : 0,
    "errorPct" : 0.0,
    "meanResTime" : 14.56155143338954,
    "medianResTime" : 9.0,
    "minResTime" : 5.0,
    "maxResTime" : 213.0,
    "pct1ResTime" : 30.0,
    "pct2ResTime" : 33.0,
    "pct3ResTime" : 45.0,
    "throughput" : 3.011166196401157,
    "receivedKBytesPerSec" : 3.3316907231665143,
    "sentKBytesPerSec" : 0.5381283339271599
  },
  "GET /api/product/7" : {
    "transaction" : "GET /api/product/7",
    "sampleCount" : 1823,
    "errorCount" : 0,
    "errorPct" : 0.0,
    "meanResTime" : 14.207350521119047,
    "medianResTime" : 9.0,
    "minResTime" : 5.0,
    "maxResTime" : 162.0,
    "pct1ResTime" : 30.0,
    "pct2ResTime" : 32.0,
    "pct3ResTime" : 45.75999999999999,
    "throughput" : 3.1048178325203697,
    "receivedKBytesPerSec" : 3.2806766550654682,
    "sentKBytesPerSec" : 0.5548649056164332
  },
  "GET /api/product (page 1)" : {
    "transaction" : "GET /api/product (page 1)",
    "sampleCount" : 18450,
    "errorCount" : 0,
    "errorPct" : 0.0,
    "meanResTime" : 25.810027100271043,
    "medianResTime" : 22.0,
    "minResTime" : 11.0,
    "maxResTime" : 532.0,
    "pct1ResTime" : 40.0,
    "pct2ResTime" : 45.0,
    "pct3ResTime" : 60.0,
    "throughput" : 30.854287491722022,
    "receivedKBytesPerSec" : 270.12567125321084,
    "sentKBytesPerSec" : 6.026228025726957
  },
  "GET /api/product/6" : {
    "transaction" : "GET /api/product/6",
    "sampleCount" : 1906,
    "errorCount" : 0,
    "errorPct" : 0.0,
    "meanResTime" : 14.200944386148997,
    "medianResTime" : 9.0,
    "minResTime" : 4.0,
    "maxResTime" : 170.0,
    "pct1ResTime" : 30.0,
    "pct2ResTime" : 34.0,
    "pct3ResTime" : 45.0,
    "throughput" : 3.20455160656311,
    "receivedKBytesPerSec" : 3.032432135507474,
    "sentKBytesPerSec" : 0.5726884218760245
  },
  "GET /api/product/9" : {
    "transaction" : "GET /api/product/9",
    "sampleCount" : 1879,
    "errorCount" : 0,
    "errorPct" : 0.0,
    "meanResTime" : 14.328898350186275,
    "medianResTime" : 9.0,
    "minResTime" : 5.0,
    "maxResTime" : 263.0,
    "pct1ResTime" : 29.0,
    "pct2ResTime" : 32.0,
    "pct3ResTime" : 47.200000000000045,
    "throughput" : 3.149767329587362,
    "receivedKBytesPerSec" : 3.1466913849295617,
    "sentKBytesPerSec" : 0.5628978723774289
  },
  "GET /api/product/8" : {
    "transaction" : "GET /api/product/8",
    "sampleCount" : 1726,
    "errorCount" : 0,
    "errorPct" : 0.0,
    "meanResTime" : 14.684241019698703,
    "medianResTime" : 9.0,
    "minResTime" : 5.0,
    "maxResTime" : 164.0,
    "pct1ResTime" : 31.0,
    "pct2ResTime" : 34.649999999999864,
    "pct3ResTime" : 48.73000000000002,
    "throughput" : 2.9254584376424804,
    "receivedKBytesPerSec" : 2.8568930055102344,
    "sentKBytesPerSec" : 0.5228114200083729
  },
  "GET /api/product/3" : {
    "transaction" : "GET /api/product/3",
    "sampleCount" : 1839,
    "errorCount" : 0,
    "errorPct" : 0.0,
    "meanResTime" : 14.668841761827077,
    "medianResTime" : 9.0,
    "minResTime" : 5.0,
    "maxResTime" : 168.0,
    "pct1ResTime" : 29.0,
    "pct2ResTime" : 33.0,
    "pct3ResTime" : 49.0,
    "throughput" : 3.0987348938780186,
    "receivedKBytesPerSec" : 3.489102863907574,
    "sentKBytesPerSec" : 0.5537778179489038
  },
  "GET /api/product/2" : {
    "transaction" : "GET /api/product/2",
    "sampleCount" : 1924,
    "errorCount" : 0,
    "errorPct" : 0.0,
    "meanResTime" : 14.457380457380443,
    "medianResTime" : 9.0,
    "minResTime" : 4.0,
    "maxResTime" : 151.0,
    "pct1ResTime" : 30.0,
    "pct2ResTime" : 35.0,
    "pct3ResTime" : 55.5,
    "throughput" : 3.2235203053296986,
    "receivedKBytesPerSec" : 3.2990715624858633,
    "sentKBytesPerSec" : 0.5760783358157566
  },
  "GET /api/product/5" : {
    "transaction" : "GET /api/product/5",
    "sampleCount" : 1849,
    "errorCount" : 0,
    "errorPct" : 0.0,
    "meanResTime" : 16.064899945916782,
    "medianResTime" : 10.0,
    "minResTime" : 6.0,
    "maxResTime" : 108.0,
    "pct1ResTime" : 31.0,
    "pct2ResTime" : 36.0,
    "pct3ResTime" : 50.0,
    "throughput" : 3.112344004066751,
    "receivedKBytesPerSec" : 4.057596919364368,
    "sentKBytesPerSec" : 0.556209914789273
  },
  "GET /api/product/4" : {
    "transaction" : "GET /api/product/4",
    "sampleCount" : 1837,
    "errorCount" : 0,
    "errorPct" : 0.0,
    "meanResTime" : 14.347305389221553,
    "medianResTime" : 9.0,
    "minResTime" : 5.0,
    "maxResTime" : 77.0,
    "pct1ResTime" : 30.0,
    "pct2ResTime" : 34.0,
    "pct3ResTime" : 45.0,
    "throughput" : 3.099747059290045,
    "receivedKBytesPerSec" : 3.229912219006326,
    "sentKBytesPerSec" : 0.553958702978592
  },
  "Total" : {
    "transaction" : "Total",
    "sampleCount" : 55354,
    "errorCount" : 0,
    "errorPct" : 0.0,
    "meanResTime" : 14.49909672291071,
    "medianResTime" : 8.0,
    "minResTime" : 1.0,
    "maxResTime" : 532.0,
    "pct1ResTime" : 33.0,
    "pct2ResTime" : 38.0,
    "pct3ResTime" : 50.0,
    "throughput" : 92.39032466968881,
    "receivedKBytesPerSec" : 334.455445479356,
    "sentKBytesPerSec" : 16.995351582581137
  },
  "GET /api/category" : {
    "transaction" : "GET /api/category",
    "sampleCount" : 18468,
    "errorCount" : 0,
    "errorPct" : 0.0,
    "meanResTime" : 3.2501082954299445,
    "medianResTime" : 3.0,
    "minResTime" : 1.0,
    "maxResTime" : 427.0,
    "pct1ResTime" : 4.0,
    "pct2ResTime" : 5.549999999999272,
    "pct3ResTime" : 10.0,
    "throughput" : 30.825210308452398,
    "receivedKBytesPerSec" : 33.895690241520896,
    "sentKBytesPerSec" : 5.478699488416344
  },
  "TC: Browse Catalog" : {
    "transaction" : "TC: Browse Catalog",
    "sampleCount" : 18450,
    "errorCount" : 0,
    "errorPct" : 0.0,
    "meanResTime" : 43.49815718157182,
    "medianResTime" : 42.0,
    "minResTime" : 15.0,
    "maxResTime" : 1222.0,
    "pct1ResTime" : 69.0,
    "pct2ResTime" : 76.0,
    "pct3ResTime" : 98.0,
    "throughput" : 30.78586553334635,
    "receivedKBytesPerSec" : 334.3281038946831,
    "sentKBytesPerSec" : 16.985220724852784
  },
  "GET /api/product/31" : {
    "transaction" : "GET /api/product/31",
    "sampleCount" : 1874,
    "errorCount" : 0,
    "errorPct" : 0.0,
    "meanResTime" : 13.005336179295625,
    "medianResTime" : 7.0,
    "minResTime" : 3.0,
    "maxResTime" : 109.0,
    "pct1ResTime" : 28.0,
    "pct2ResTime" : 31.0,
    "pct3ResTime" : 45.0,
    "throughput" : 3.1460953330680805,
    "receivedKBytesPerSec" : 1.5484687967444462,
    "sentKBytesPerSec" : 0.5653140051606708
  }
}